-- MySQL dump 10.13  Distrib 8.0.42, for Win64 (x86_64)
--
-- Host: localhost    Database: pakistan_cricket_stats
-- ------------------------------------------------------
-- Server version	8.0.42

/*!40101 SET @OLD_CHARACTER_SET_CLIENT=@@CHARACTER_SET_CLIENT */;
/*!40101 SET @OLD_CHARACTER_SET_RESULTS=@@CHARACTER_SET_RESULTS */;
/*!40101 SET @OLD_COLLATION_CONNECTION=@@COLLATION_CONNECTION */;
/*!50503 SET NAMES utf8 */;
/*!40103 SET @OLD_TIME_ZONE=@@TIME_ZONE */;
/*!40103 SET TIME_ZONE='+00:00' */;
/*!40014 SET @OLD_UNIQUE_CHECKS=@@UNIQUE_CHECKS, UNIQUE_CHECKS=0 */;
/*!40014 SET @OLD_FOREIGN_KEY_CHECKS=@@FOREIGN_KEY_CHECKS, FOREIGN_KEY_CHECKS=0 */;
/*!40101 SET @OLD_SQL_MODE=@@SQL_MODE, SQL_MODE='NO_AUTO_VALUE_ON_ZERO' */;
/*!40111 SET @OLD_SQL_NOTES=@@SQL_NOTES, SQL_NOTES=0 */;

--
-- Table structure for table `odi_match_stats`
--

DROP TABLE IF EXISTS `odi_match_stats`;
/*!40101 SET @saved_cs_client     = @@character_set_client */;
/*!50503 SET character_set_client = utf8mb4 */;
CREATE TABLE `odi_match_stats` (
  `player_id` int NOT NULL,
  `matches_played` int DEFAULT NULL,
  `innings_played` int DEFAULT NULL,
  `not_outs` int DEFAULT NULL,
  `runs_scored` int DEFAULT NULL,
  `highest_score` varchar(10) DEFAULT NULL,
  `avg_score` decimal(6,2) DEFAULT NULL,
  `balls_bowled` int DEFAULT NULL,
  `maidens_bowled` int DEFAULT NULL,
  `runs_conceded` int DEFAULT NULL,
  `wickets_taken` int DEFAULT NULL,
  `best_bowling_figures` varchar(10) DEFAULT NULL,
  `bowling_average` decimal(6,2) DEFAULT NULL,
  `catches_taken` int DEFAULT NULL,
  `stumpings` int DEFAULT NULL,
  PRIMARY KEY (`player_id`),
  CONSTRAINT `fk_odi_player` FOREIGN KEY (`player_id`) REFERENCES `players` (`player_id`),
  CONSTRAINT `odi_match_stats_ibfk_1` FOREIGN KEY (`player_id`) REFERENCES `players` (`player_id`)
) ENGINE=InnoDB DEFAULT CHARSET=utf8mb4 COLLATE=utf8mb4_0900_ai_ci;
/*!40101 SET character_set_client = @saved_cs_client */;

--
-- Dumping data for table `odi_match_stats`
--

LOCK TABLES `odi_match_stats` WRITE;
/*!40000 ALTER TABLE `odi_match_stats` DISABLE KEYS */;
INSERT INTO `odi_match_stats` VALUES (256,10,8,2,330,'62',55.00,592,7,378,16,'4–56',24.00,7,0),(257,7,3,1,10,'6',5.00,402,8,234,5,'2–9',47.00,1,0),(258,4,2,0,17,'10',9.00,158,2,118,4,'2–36',30.00,0,0),(259,23,22,1,786,'109',37.00,658,11,374,13,'3–27',29.00,3,0),(260,10,9,3,209,'55',35.00,42,0,23,0,'0',0.00,3,0),(261,1,1,0,1,'1',1.00,0,0,0,0,'0',0.00,0,0),(262,19,19,1,383,'74',21.00,38,1,26,2,'2–20',13.00,5,0),(263,6,2,1,25,'21',25.00,285,2,151,5,'2–7',30.00,1,0),(264,45,31,8,221,'34',10.00,2412,49,1463,63,'4–27',23.00,8,0),(265,51,26,13,221,'34',17.00,0,0,0,0,'0',0.00,52,10),(266,54,45,10,782,'60',22.00,1036,10,687,21,'4–25',33.00,24,0),(267,175,151,40,3709,'102',33.00,7461,124,4844,182,'6–14',27.00,36,0),(268,62,60,6,2572,'123',48.00,280,2,223,7,'2–26',32.00,16,0),(269,3,1,1,0,'0',0.00,180,5,98,5,'2–37',20.00,0,0),(270,233,218,41,7381,'119',42.00,436,3,297,7,'2–22',42.00,71,2),(271,3,3,1,26,'18',13.00,122,2,77,3,'1–17',26.00,2,0),(272,75,75,5,1877,'117',27.00,12,0,5,1,'1–2',5.00,13,0),(273,2,0,0,0,'0',0.00,88,2,38,1,'1–32',38.00,1,0),(274,6,5,0,111,'28',22.00,232,3,154,8,'3–18',19.00,1,0),(275,3,1,0,7,'7',7.00,188,4,111,2,'1–41',56.00,0,0),(276,122,115,10,2653,'95',25.00,4855,43,3432,111,'5–28',31.00,21,0),(277,3,3,0,41,'29',14.00,0,0,0,0,'0',0.00,1,0),(278,12,10,2,166,'63',21.00,0,0,0,0,'0',0.00,3,0),(279,15,7,1,39,'13',7.00,664,12,500,12,'3–13',42.00,3,0),(280,27,11,7,31,'16',8.00,1277,16,860,33,'4–34',26.00,4,0),(281,2,2,0,11,'8',6.00,0,0,0,0,'0',0.00,0,0),(282,1,1,1,0,'0',0.00,60,0,43,0,'0',0.00,1,0),(283,2,2,1,42,'22',42.00,0,0,0,0,'0',0.00,0,0),(284,41,35,1,593,'47',17.00,138,2,110,2,'1–7',55.00,14,0),(285,4,3,3,4,'2',0.00,222,3,156,3,'2–37',52.00,0,0),(286,2,2,0,28,'24',14.00,0,0,0,0,'0',0.00,1,1),(287,16,9,5,69,'19',17.00,0,0,0,0,'0',0.00,17,3),(288,27,19,3,197,'42',12.00,1116,6,819,13,'4–43',63.00,2,0),(289,29,15,7,110,'17',14.00,1414,33,923,20,'3–47',46.00,3,0),(290,1,1,0,18,'18',18.00,0,0,0,0,'0',0.00,0,0),(291,40,23,9,210,'61',15.00,1596,15,1240,34,'3–23',36.00,11,0),(292,3,3,0,20,'14',7.00,0,0,0,0,'0',0.00,2,0),(293,283,256,38,7170,'102',33.00,3505,10,2959,89,'5–35',33.00,81,0),(294,8,2,0,5,'5',3.00,306,7,211,14,'4–32',15.00,1,0),(295,86,62,19,768,'62',18.00,0,0,0,0,'0',0.00,81,22),(296,70,25,14,116,'27',11.00,3250,32,2247,55,'4–38',41.00,10,0),(297,10,6,1,119,'77',24.00,540,8,382,7,'1–23',55.00,1,0),(298,104,68,26,641,'41',15.00,5100,54,3454,132,'5–44',26.00,21,0),(299,15,10,7,45,'15',15.00,719,3,586,15,'4–22',39.00,3,0),(300,31,31,3,642,'69',23.00,0,0,0,0,'0',0.00,4,0),(301,8,7,1,184,'78',31.00,27,0,29,2,'2–24',15.00,1,0),(302,15,10,3,87,'37',12.00,0,0,0,0,'0',0.00,13,2),(303,13,12,3,113,'30',13.00,472,2,344,8,'2–27',43.00,0,0),(304,54,46,13,741,'50',22.00,1743,16,1262,29,'3–22',44.00,21,0),(305,13,12,0,130,'28',11.00,0,0,0,0,'0',0.00,1,0),(306,17,5,4,27,'11',27.00,646,4,494,16,'4–19',31.00,0,0),(307,63,58,6,1269,'126',24.00,919,2,725,20,'3–20',36.00,13,0),(308,356,280,55,3717,'86',17.00,18186,238,11812,502,'5–15',24.00,88,0),(309,19,6,3,27,'11',9.00,881,4,760,21,'4–47',36.00,4,0),(310,1,1,0,2,'2',2.00,0,0,0,0,'0',0.00,0,0),(311,198,197,15,5841,'119',32.00,6,0,10,0,'0',0.00,33,0),(312,16,6,3,18,'11',6.00,0,0,0,0,'0',0.00,18,5),(313,39,13,11,36,'10',18.00,1900,18,1382,40,'3–25',35.00,3,0),(314,66,55,14,1068,'113',26.00,756,2,658,7,'2–38',94.00,18,0),(315,250,232,29,6564,'139',32.00,637,1,476,5,'2–31',95.00,90,0),(316,2,2,0,84,'58',42.00,0,0,0,0,'0',0.00,1,0),(317,2,2,1,3,'3',3.00,96,1,61,3,'2–24',20.00,0,0),(318,1,1,0,0,'0',0.00,54,0,50,1,'1–50',50.00,0,0),(319,3,3,2,11,'7',11.00,127,1,112,3,'2–56',37.00,0,0),(320,24,23,1,556,'90',25.00,120,1,86,3,'2–35',29.00,13,3),(321,5,5,0,199,'105',40.00,0,0,0,0,'0',0.00,0,0),(322,163,51,26,267,'45',11.00,8012,98,5721,182,'7–37',31.00,24,0),(323,247,244,19,8823,'194',39.00,242,3,191,6,'2–9',32.00,42,0),(324,144,76,34,399,'34',10.00,7543,51,5361,161,'5–36',33.00,30,0),(325,10,10,0,141,'50',14.00,222,1,159,3,'2–20',53.00,2,0),(326,262,139,45,969,'37',10.00,12698,143,9919,416,'7–36',24.00,35,0),(327,2,2,0,56,'32',28.00,6,0,4,0,'0',0.00,1,0),(328,49,25,14,193,'33',18.00,2601,15,1611,38,'3–18',42.00,19,0),(329,1,1,0,5,'5',5.00,12,0,11,0,'0',0.00,0,0),(330,6,3,2,14,'7',14.00,342,4,230,5,'2–51',46.00,0,0),(331,2,1,0,5,'5',5.00,60,1,45,2,'2–45',23.00,0,0),(332,2,2,0,15,'10',8.00,6,0,7,0,'0',0.00,0,0),(333,19,18,3,348,'98',23.00,0,0,0,0,'0',0.00,2,0),(334,219,183,41,3266,'72',23.00,0,0,0,0,'0',0.00,214,73),(335,156,155,5,4780,'134',32.00,4836,17,3703,85,'4–22',44.00,49,0),(336,375,348,52,11701,'137',40.00,58,1,64,3,'1–0',21.00,113,0),(337,4,1,1,1,'1',0.00,210,2,147,3,'1–30',49.00,0,0),(338,3,2,0,26,'13',13.00,114,1,79,1,'1–36',79.00,0,0),(339,1,1,0,0,'0',0.00,66,0,72,1,'1–72',72.00,0,0),(340,166,117,29,1709,'79',19.00,0,0,0,0,'0',0.00,182,38),(341,30,13,6,34,'11',5.00,1492,7,1186,27,'3–27',44.00,0,0),(342,58,29,18,133,'20',12.00,2823,27,1948,56,'4–33',35.00,10,0),(343,3,3,0,53,'38',18.00,0,0,0,0,'0',0.00,0,0),(344,50,43,6,1265,'127',34.00,30,0,21,1,'1–17',21.00,15,0),(345,9,3,2,13,'9',13.00,417,1,346,11,'3–43',31.00,0,0),(346,2,1,0,2,'2',2.00,96,0,81,0,'0',0.00,0,0),(347,5,4,2,89,'36',45.00,130,0,122,4,'3–36',31.00,0,0),(348,1,0,0,0,'0',0.00,48,0,22,2,'2–22',11.00,1,0),(349,3,0,0,0,'0',0.00,102,2,84,0,'0',0.00,0,0),(350,10,5,4,10,'5',10.00,371,4,303,12,'2–23',25.00,1,0),(351,2,2,0,61,'36',31.00,0,0,0,0,'0',0.00,0,0),(352,2,2,1,24,'16',24.00,42,0,52,0,'0',0.00,0,0),(353,8,6,0,48,'18',8.00,198,2,137,3,'2–37',46.00,1,0),(354,1,1,0,12,'12',12.00,0,0,0,0,'0',0.00,1,0),(355,1,1,0,1,'1',1.00,0,0,0,0,'0',0.00,0,0),(356,23,9,7,14,'7',7.00,989,6,790,19,'2–28',42.00,8,0),(357,48,47,4,1579,'135',37.00,6,0,10,0,'0',0.00,10,0),(358,169,98,38,711,'37',12.00,8770,66,6275,288,'5–20',22.00,40,0),(359,4,4,0,65,'31',16.00,0,0,0,0,'0',0.00,2,0),(360,3,3,0,0,'0',0.00,0,0,0,0,'0',0.00,1,0),(361,1,1,0,37,'37',37.00,0,0,0,0,'0',0.00,0,0),(362,17,8,7,25,'8',25.00,810,6,649,19,'3–14',34.00,4,0),(363,143,110,26,1521,'67',18.00,6242,58,4813,123,'6–18',39.00,37,0),(364,398,369,27,8064,'124',24.00,17670,76,13632,395,'7–12',35.00,127,0),(365,16,13,0,242,'77',19.00,0,0,0,0,'0',0.00,1,0),(366,265,228,57,5080,'112',30.00,10941,107,8564,269,'6–35',32.00,35,0),(367,6,5,0,116,'72',23.00,0,0,0,0,'0',0.00,2,0),(368,14,14,1,297,'86',23.00,0,0,0,0,'0',0.00,2,0),(369,25,25,2,543,'76',24.00,0,0,0,0,'0',0.00,9,0),(370,11,4,2,15,'7',8.00,512,8,391,10,'2–20',39.00,1,0),(371,4,3,1,27,'23',14.00,24,1,6,1,'1–6',6.00,0,0),(372,2,1,1,3,'3',0.00,30,0,25,1,'1–9',25.00,1,0),(373,14,12,7,154,'31',31.00,672,2,547,13,'4–33',42.00,5,0),(374,4,4,0,66,'25',17.00,0,0,0,0,'0',0.00,0,0),(375,7,4,0,97,'44',24.00,199,0,184,5,'4–50',37.00,1,0),(376,2,1,0,7,'7',7.00,72,2,48,0,'0',0.00,0,0),(377,288,273,40,9720,'141',42.00,2,0,1,1,'1–0',1.00,50,0),(378,163,84,40,394,'43',9.00,7764,99,6169,247,'6–16',25.00,20,0),(379,2,2,0,14,'14',7.00,0,0,0,0,'0',0.00,0,0),(380,15,15,0,349,'84',23.00,55,0,69,3,'3–36',23.00,5,0),(381,79,79,2,1895,'160',25.00,49,0,48,1,'1–3',48.00,24,0),(382,32,11,5,10,'2',2.00,1642,25,1192,33,'3–32',36.00,10,0),(383,287,258,40,7534,'143',35.00,7958,38,6192,158,'4–19',39.00,98,0),(384,2,2,0,29,'28',15.00,0,0,0,0,'0',0.00,1,0),(385,11,8,3,74,'27',15.00,414,2,373,4,'1–28',93.00,2,0),(386,264,254,23,7240,'144',31.00,284,1,288,3,'1–3',96.00,134,0),(387,18,16,2,314,'100',22.00,18,0,33,0,'0',0.00,3,0),(388,1,1,0,15,'15',15.00,36,0,46,0,'0',0.00,0,0),(389,3,3,1,34,'18',17.00,0,0,0,0,'0',0.00,3,1),(390,58,58,2,1719,'107',31.00,116,2,110,6,'3–10',18.00,14,0),(391,5,3,0,60,'39',20.00,0,0,0,0,'0',0.00,4,3),(392,87,46,19,314,'46',12.00,4284,42,3567,121,'5–10',29.00,19,0),(393,1,1,1,2,'2',0.00,30,0,36,1,'1–36',36.00,0,0),(394,22,22,1,504,'81',24.00,72,0,85,1,'1–49',85.00,9,0),(395,18,10,8,12,'6',6.00,854,11,683,15,'3–31',46.00,2,0),(396,11,11,0,262,'113',24.00,48,0,51,0,'0',0.00,2,0),(397,162,149,31,5122,'96',43.00,24,0,30,0,'0',0.00,66,0),(398,157,138,14,3236,'124',26.00,0,0,0,0,'0',0.00,157,31),(399,218,216,15,6614,'140',33.00,7733,48,5400,139,'4–41',39.00,85,0),(400,130,65,18,457,'39',10.00,6064,68,5253,179,'6–42',29.00,17,0),(401,74,51,18,524,'33',16.00,3466,25,3221,110,'6–27',29.00,16,0),(402,56,56,1,2028,'127',37.00,18,0,26,0,'0',0.00,14,0),(403,1,1,0,9,'9',9.00,0,0,0,0,'0',0.00,0,0),(404,4,2,1,2,'2',2.00,145,1,127,3,'3–21',42.00,0,0),(405,60,60,3,2185,'136',38.00,69,0,90,0,'0',0.00,17,0),(406,5,5,0,131,'66',26.00,12,0,11,0,'0',0.00,1,0),(407,62,34,19,234,'32',16.00,2960,41,2430,77,'5–30',32.00,10,0),(408,3,1,1,0,'0',0.00,144,0,144,5,'2–55',29.00,2,0),(409,38,11,5,34,'6',6.00,1941,26,997,46,'3–28',33.00,5,0),(410,31,23,6,142,'31',8.00,1624,12,1142,30,'4–48',38.00,7,0),(411,38,36,12,966,'114',40.00,398,0,377,5,'1–8',75.00,10,0),(412,1,1,0,0,'0',0.00,60,1,59,0,'0',0.00,0,0),(413,62,40,11,399,'59',14.00,2949,24,2566,71,'5–48',36.00,15,0),(415,48,48,3,1418,'112',32.00,0,0,0,0,'0',0.00,13,0),(416,2,0,0,0,'#VALUE!',0.00,120,0,115,0,'0',0.00,0,0),(417,2,1,1,28,'28',0.00,102,0,67,3,'2–32',22.00,0,0),(418,5,5,0,147,'64',29.00,0,0,0,0,'0',0.00,1,0),(419,13,6,1,25,'7',5.00,666,4,597,19,'5–55',31.00,3,0),(420,4,0,0,0,'#VALUE!',0.00,214,1,212,8,'3–24',27.00,2,0),(421,7,7,0,236,'83',34.00,0,0,0,0,'0',0.00,3,0),(422,1,0,0,0,'#VALUE!',0.00,24,0,26,0,'0',0.00,1,0),(423,91,66,15,740,'54',15.00,4327,20,4117,120,'5–46',34.00,29,0),(424,1,1,0,5,'5',5.00,0,0,0,0,'0',0.00,0,0),(425,1,1,0,5,'5',5.00,48,1,44,1,'1–44',44.00,0,0),(426,113,70,24,324,'33',7.00,6000,50,4182,184,'5–24',23.00,25,0),(427,81,81,1,2605,'124',33.00,115,0,140,2,'1–22',70.00,28,0),(428,61,30,10,363,'73',18.00,3013,34,2400,81,'5–30',30.00,8,0),(429,121,110,17,3194,'102',34.00,0,0,0,0,'0',0.00,77,13),(430,3,3,0,100,'50',33.00,0,0,0,0,'0',0.00,0,0),(431,16,16,1,271,'59',18.00,42,0,24,0,'0',0.00,6,0),(432,60,58,4,1336,'84',25.00,12,0,18,0,'0',0.00,14,0),(433,60,33,21,48,'12',4.00,3109,31,2549,83,'4–30',31.00,11,0),(434,4,4,2,48,'19',24.00,0,0,0,0,'0',0.00,1,0),(435,11,7,2,80,'36',16.00,198,0,169,2,'1–21',85.00,4,0),(436,76,31,17,68,'25',5.00,3601,33,3216,110,'4–12',29.00,8,0),(437,7,3,1,22,'19',11.00,0,0,0,0,'0',0.00,8,2),(438,2,1,0,18,'18',18.00,60,0,83,2,'1–38',42.00,1,0),(439,2,2,0,13,'8',7.00,0,0,0,0,'0',0.00,1,0),(440,53,53,3,1845,'102',37.00,258,0,260,4,'2–26',65.00,8,0),(441,5,4,1,62,'27',21.00,0,0,0,0,'0',0.00,3,0),(442,14,6,3,26,'9',9.00,658,3,593,23,'4–43',26.00,2,0),(443,25,13,6,127,'32',18.00,1293,1,1150,24,'6–26',48.00,6,0),(444,14,7,4,8,'6',3.00,679,1,658,18,'3–40',37.00,1,0),(445,6,4,1,27,'15',9.00,225,0,223,4,'1–31',56.00,0,0),(446,4,2,0,13,'11',7.00,180,6,115,2,'1–22',58.00,0,0),(448,29,28,2,781,'89',30.00,54,0,42,1,'1–16',42.00,10,0),(449,22,16,5,321,'43',29.00,927,1,944,18,'3–66',52.00,4,0),(450,10,7,1,89,'39',15.00,409,4,439,6,'3–37',73.00,2,0),(451,25,25,0,812,'152',32.00,0,0,0,0,'0',0.00,6,0),(452,3,1,0,0,'0',0.00,122,1,146,4,'2–22',37.00,0,0),(453,5,5,3,35,'14',18.00,294,1,246,4,'2–52',62.00,0,0),(454,1,1,0,0,'0',0.00,60,0,68,1,'1–68',68.00,0,0),(456,3,3,1,99,'77',50.00,36,0,46,0,'0',0.00,0,0),(457,4,4,0,78,'45',20.00,0,0,0,0,'0',0.00,0,0),(460,4,3,2,95,'62',95.00,156,1,154,2,'1–38',77.00,0,0),(461,3,3,0,40,'38',13.00,132,1,96,6,'5–25',19.00,2,0),(463,1,1,0,15,'15',15.00,60,0,54,2,'2–54',27.00,4,0),(469,8,4,1,27,'16',9.00,463,2,464,14,'3–49',33.00,2,0),(471,17,4,1,6,'6',2.00,768,8,633,34,'5–34',19.00,3,0),(472,21,16,1,382,'52',25.00,5,0,9,0,'0',0.00,6,0),(475,3,0,0,0,'0',0.00,162,0,153,1,'1–44',153.00,0,0),(478,6,6,0,234,'112',39.00,0,0,0,0,'0',0.00,3,0),(479,2,2,0,11,'7',6.00,0,0,0,0,'0',0.00,0,0),(482,2,1,1,9,'9',0.00,97,1,101,2,'2–21',51.00,0,0),(483,10,8,2,199,'41',33.00,108,0,122,2,'1–50',61.00,6,0),(484,2,2,0,12,'9',6.00,30,0,27,0,'0',0.00,0,0),(485,1,0,0,0,'0',0.00,54,0,48,1,'1–48',48.00,0,0),(488,4,2,1,9,'9',9.00,216,0,220,4,'2–59',55.00,0,0);
/*!40000 ALTER TABLE `odi_match_stats` ENABLE KEYS */;
UNLOCK TABLES;

--
-- Table structure for table `players`
--

DROP TABLE IF EXISTS `players`;
/*!40101 SET @saved_cs_client     = @@character_set_client */;
/*!50503 SET character_set_client = utf8mb4 */;
CREATE TABLE `players` (
  `player_id` int NOT NULL AUTO_INCREMENT,
  `player_name` varchar(100) DEFAULT NULL,
  `start_year` int DEFAULT NULL,
  `end_year` int DEFAULT NULL,
  PRIMARY KEY (`player_id`)
) ENGINE=InnoDB AUTO_INCREMENT=622 DEFAULT CHARSET=utf8mb4 COLLATE=utf8mb4_0900_ai_ci;
/*!40101 SET character_set_client = @saved_cs_client */;

--
-- Dumping data for table `players`
--

LOCK TABLES `players` WRITE;
/*!40000 ALTER TABLE `players` DISABLE KEYS */;
INSERT INTO `players` VALUES (1,'Amir Elahi',1952,1952),(2,'Anwar Hussain',1952,1952),(3,'Fazal Mahmood',1952,1962),(4,'Hanif Mohammad',1952,1969),(5,'Imtiaz Ahmed',1952,1962),(6,'Israr Ali',1952,1959),(7,'Abdul Hafeez Kardar',1952,1958),(8,'Khan Mohammad',1952,1958),(9,'Maqsood Ahmed',1952,1955),(10,'Nazar Mohammad',1952,1952),(11,'Waqar Hasan',1952,1959),(12,'Mahmood Hussain',1952,1962),(13,'Zulfiqar Ahmed',1952,1956),(14,'Wazir Mohammad',1952,1959),(15,'Alimuddin',1954,1962),(16,'Khalid Wazir',1954,1954),(17,'Shujauddin',1954,1962),(18,'Mohammed Ghazali',1954,1954),(19,'Khalid Hasan',1954,1954),(20,'Aslam Khokhar',1954,1954),(21,'Miran Bakhsh',1955,1955),(22,'Agha Saadat Ali',1955,1955),(23,'Wallis Mathias',1955,1962),(24,'Gul Mohammad',1956,1956),(25,'Haseeb Ahsan',1958,1962),(26,'Nasim-ul-Ghani',1958,1973),(27,'Saeed Ahmed',1958,1973),(28,'Fazal-ur-Rehman',1958,1958),(29,'Antao D\'Souza',1959,1962),(30,'Ijaz Butt',1959,1962),(31,'Mushtaq Mohammad',1959,1979),(32,'Duncan Sharpe',1959,1959),(33,'Mohammad Munaf',1959,1962),(34,'Intikhab Alam',1959,1977),(35,'Munir Malik',1959,1962),(36,'Javed Burki',1960,1969),(37,'Mohammad Farooq',1960,1965),(38,'Afaq Hussain',1961,1964),(39,'Javed Akhtar',1962,1962),(40,'Shahid Mahmood',1962,1962),(41,'Abdul Kadir',1964,1965),(42,'Asif Iqbal',1964,1980),(43,'Khalid Ibadulla',1964,1967),(44,'Majid Khan',1964,1983),(45,'Pervez Sajjad',1964,1973),(46,'Shafqat Rana',1964,1969),(47,'Arif Butt',1964,1965),(48,'Farooq Hamid',1964,1964),(49,'Mohammad Ilyas',1964,1969),(50,'Naushad Ali',1965,1965),(51,'Mufasir-ul-Haq',1965,1965),(52,'Salahuddin',1965,1969),(53,'Saleem Altaf',1967,1978),(54,'Wasim Bari',1967,1984),(55,'Niaz Ahmed',1967,1969),(56,'Ghulam Abbas',1967,1967),(57,'Aftab Gul',1969,1971),(58,'Asif Masood',1969,1977),(59,'Sarfraz Nawaz',1969,1984),(60,'Mohammad Nazir',1969,1983),(61,'Sadiq Mohammad',1969,1981),(62,'Younis Ahmed',1969,1987),(63,'Zaheer Abbas',1969,1985),(64,'Aftab Baloch',1969,1975),(65,'Imran Khan',1971,1992),(66,'Talat Ali',1972,1979),(67,'Wasim Raja',1973,1985),(68,'Shafiq Ahmed',1974,1981),(69,'Agha Zahid',1975,1975),(70,'Liaqat Ali',1975,1978),(71,'Javed Miandad',1976,1993),(72,'Farrukh Zaman',1976,1976),(73,'Shahid Israr',1976,1976),(74,'Sikander Bakht',1976,1983),(75,'Iqbal Qasim',1976,1988),(76,'Mudassar Nazar',1976,1989),(77,'Haroon Rasheed',1977,1983),(78,'Abdul Qadir',1977,1990),(79,'Mohsin Khan',1978,1986),(80,'Anwar Khan',1979,1979),(81,'Ehteshamuddin',1979,1982),(82,'Taslim Arif',1980,1980),(83,'Tauseef Ahmed',1980,1993),(84,'Azhar Khan',1980,1980),(85,'Azmat Rana',1980,1980),(86,'Mansoor Akhtar',1980,1990),(87,'Ijaz Faqih',1980,1988),(88,'Rizwan-uz-Zaman',1981,1989),(89,'Rashid Khan',1982,1985),(90,'Saleem Malik',1982,1999),(91,'Saleem Yousuf',1982,1990),(92,'Tahir Naqqash',1982,1985),(93,'Ashraf Ali',1982,1987),(94,'Jalal-ud-din',1982,1985),(95,'Azeem Hafeez',1983,1985),(96,'Qasim Umar',1983,1986),(97,'Shoaib Mohammad',1983,1995),(98,'Anil Dalpat',1984,1985),(99,'Rameez Raja',1984,1997),(100,'Mohsin Kamal',1984,1994),(101,'Manzoor Elahi',1984,1995),(102,'Wasim Akram',1985,2002),(103,'Zulqarnain',1986,1986),(104,'Zakir Khan',1986,1989),(105,'Asif Mujtaba',1986,1997),(106,'Saleem Jaffar',1986,1992),(107,'Ijaz Ahmed',1987,2001),(108,'Aamer Malik',1987,1994),(109,'Aaqib Javed',1989,1998),(110,'Shahid Saeed',1989,1989),(111,'Waqar Younis',1989,2003),(112,'Nadeem Abbasi',1989,1989),(113,'Naved Anjum',1989,1990),(114,'Akram Raza',1989,1995),(115,'Shahid Mahboob',1989,1989),(116,'Mushtaq Ahmed',1990,2003),(117,'Nadeem Ghauri',1990,1990),(118,'Zahid Fazal',1990,1995),(119,'Moin Khan',1990,2004),(120,'Saeed Anwar',1990,2001),(121,'Masood Anwar',1990,1990),(122,'Aamer Sohail',1992,2000),(123,'Ata-ur-Rehman',1992,1996),(124,'Inzamam-ul-Haq',1992,2007),(125,'Rashid Latif',1992,2003),(126,'Basit Ali',1993,1995),(127,'Aamer Nazir',1993,1995),(128,'Nadeem Khan',1993,1999),(129,'Shakeel Ahmed Jr.',1993,1995),(130,'Ashfaq Ahmed',1993,1993),(131,'Atif Rauf',1994,1994),(132,'Kabir Khan',1994,1995),(133,'Ijaz Ahmed Jr.',1995,1995),(134,'Saqlain Mushtaq',1995,2004),(135,'Mohammad Akram',1995,2001),(136,'Saleem Elahi',1995,2003),(137,'Shadab Kabir',1996,2002),(138,'Azam Khan',1996,1996),(139,'Shahid Nazir',1996,2007),(140,'Hasan Raza',1996,2005),(141,'Mohammad Hussain',1996,1998),(142,'Mohammad Wasim',1996,2000),(143,'Zahoor Elahi',1996,1996),(144,'Mohammad Zahid',1996,2003),(145,'Ali Naqvi',1997,1998),(146,'Azhar Mahmood',1997,2001),(147,'Mohammad Ramzan',1997,1997),(148,'Ali Hussain Rizvi',1997,1997),(149,'Arshad Khan',1997,2005),(150,'Shoaib Akhtar',1997,2007),(151,'Fazl-e-Akbar',1998,2004),(152,'Mohammad Yousuf',1998,2010),(153,'Shahid Afridi',1998,2010),(154,'Shakeel Ahmed Sr.',1998,1998),(155,'Naved Ashraf',1998,2000),(156,'Wajahatullah Wasti',1999,2000),(157,'Imran Nazir',1999,2002),(158,'Abdul Razzaq',1999,2006),(159,'Younis Khan',2000,2017),(160,'Atiq-uz-Zaman',2000,2000),(161,'Irfan Fazil',2000,2000),(162,'Qaiser Abbas',2000,2000),(163,'Danish Kaneria',2000,2010),(164,'Faisal Iqbal',2001,2010),(165,'Imran Farhat',2001,2013),(166,'Misbah-ul-Haq',2001,2017),(167,'Mohammad Sami',2001,2012),(168,'Humayun Farhat',2001,2001),(169,'Shoaib Malik',2001,2015),(170,'Taufeeq Umar',2001,2014),(171,'Naved Latif',2002,2002),(172,'Kamran Akmal',2002,2010),(173,'Mohammad Hafeez',2003,2018),(174,'Shabbir Ahmed',2003,2005),(175,'Umar Gul',2003,2013),(176,'Yasir Hameed',2003,2010),(177,'Farhan Adil',2003,2003),(178,'Salman Butt',2003,2010),(179,'Yasir Ali',2003,2003),(180,'Asim Kamal',2003,2005),(181,'Naved-ul-Hasan',2004,2007),(182,'Riaz Afridi',2004,2004),(183,'Mohammad Khalil',2004,2005),(184,'Mohammad Asif',2005,2010),(185,'Bazid Khan',2005,2005),(186,'Iftikhar Anjum',2006,2006),(187,'Abdur Rehman',2007,2014),(188,'Sohail Tanvir',2007,2007),(189,'Yasir Arafat',2007,2009),(190,'Khurram Manzoor',2009,2014),(191,'Sohail Khan',2009,2016),(192,'Mohammad Talha',2009,2014),(193,'Abdur Rauf',2009,2009),(194,'Mohammad Amir',2009,2019),(195,'Saeed Ajmal',2009,2014),(196,'Fawad Alam',2009,2022),(197,'Umar Akmal',2009,2011),(199,'Azhar Ali',2010,2022),(200,'Umar Amin',2010,2010),(201,'Zulqarnain Haider',2010,2010),(202,'Wahab Riaz',2010,2010),(203,'Adnan Akmal',2010,2014),(204,'Asad Shafiq',2010,2020),(205,'Tanvir Ahmed',2010,2013),(206,'Mohammad Salman',2011,2011),(207,'Aizaz Cheema',2011,2012),(208,'Junaid Khan',2011,2015),(209,'Mohammad Ayub',2012,2012),(210,'Nasir Jamshed',2013,2013),(211,'Rahat Ali',2013,2018),(212,'Mohammad Irfan',2013,2013),(213,'Ehsan Adil',2013,2015),(215,'Zulfiqar Babar',2013,2016),(216,'Ahmed Shehzad',2013,2015),(217,'Bilawal Bhatti',2013,2014),(218,'Yasir Shah',2014,2022),(219,'Sami Aslam',2015,2017),(220,'Iftikhar Ahmed',2016,2022),(224,'Sharjeel Khan',2017,2017),(225,'Mohammad Abbas',2017,2021),(228,'Haris Sohail',2017,2021),(231,'Usman Salahuddin',2018,2018),(232,'Bilal Asif',2018,2018),(233,'Fakhar Zaman',2017,2018),(237,'Muhammad Musa',2019,2019),(238,'Abid Ali',2019,2019),(239,'Usman Shinwari',2019,2019),(240,'Zafar Gohar',2021,2021),(241,'Imran Butt',2021,2021),(244,'Tabish Khan',2021,2021),(256,'Asif Iqbal',1973,1979),(257,'Asif Masood',1973,1976),(258,'Intikhab Alam',1973,1976),(259,'Majid Khan',1973,1982),(260,'Mushtaq Mohammad',1973,1978),(261,'Nasim0ul0Ghani',1973,1973),(262,'Sadiq Mohammad',1973,1980),(263,'Saleem Altaf',1973,1978),(264,'Sarfraz Nawaz',1973,1984),(265,'Wasim Bari',1973,1984),(266,'Wasim Raja',1973,1985),(267,'Imran Khan',1974,1992),(268,'Zaheer Abbas',1974,1985),(269,'Naseer Malik',1975,1975),(270,'Javed Miandad',1975,1996),(271,'Pervez Mir',1975,1977),(272,'Mohsin Khan',1977,1986),(273,'Aamer Hameed',1977,1978),(274,'Hasan Jamil',1977,1978),(275,'Liaqat Ali',1977,1978),(276,'Mudassar Nazar',1977,1989),(277,'Shafiq Ahmed',1977,1978),(278,'Haroon Rasheed',1977,1982),(279,'Iqbal Qasim',1977,1988),(280,'Sikander Bakht',1977,1989),(281,'Arshad Pervez',1978,1978),(282,'Naeem Ahmed',1978,1978),(283,'Azmat Rana',1978,1978),(284,'Mansoor Akhtar',1980,1990),(285,'Mohammad Nazir',1980,1984),(286,'Aamer Hanif',1980,1980),(287,'Ashraf Ali',1980,1985),(288,'Ijaz Faqih',1980,1988),(289,'Aamer Malik',1980,1985),(290,'Saleem Pervez',1980,1980),(291,'Tahir Naqqash',1980,1985),(292,'Rizwan0uz0Zaman',1981,1987),(293,'Saleem Malik',1982,1999),(294,'Jalal0ud0din',1982,1983),(295,'Saleem Yousuf',1982,1990),(296,'Tauseef Ahmed',1982,1990),(297,'Aamer Nazir',1982,1984),(298,'Abdul Qadir',1983,1993),(299,'Aamer Yamin',1983,1985),(300,'Qasim Umar',1983,1987),(301,'Saadat Ali',1984,1984),(302,'Anil Dalpat',1984,1986),(303,'Naved Anjum',1984,1992),(304,'Manzoor Elahi',1984,1995),(305,'Sajid Ali',1984,1997),(306,'Zakir Khan',1984,1990),(307,'Shoaib Mohammad',1984,1993),(308,'Aamir Jamal',1984,2003),(309,'Aaqib Javed',1984,1989),(310,'Masood Iqbal',1984,1984),(311,'Rameez Raja',1985,1997),(312,'Zulqarnain Zaidi',1985,1989),(313,'Abdul Razzaq1',1986,1990),(314,'Abdullah Shafique',1986,1996),(315,'Abdur Rauf',1986,2000),(316,'Abid Ali',1987,1987),(317,'Adnan Akmal',1987,1987),(318,'Ahmed Shehzad',1987,1987),(319,'Haafiz Shahid',1988,1988),(320,'Aizaz Cheema',1988,1994),(321,'Moin0ul0Atiq',1988,1989),(322,'Akhtar Sarfraz',1988,1998),(323,'Anwar Ali',1989,2003),(324,'Mushtaq Ahmed',1989,2003),(325,'Arshad Khan',1989,1993),(326,'Asad Ali',1989,2003),(327,'Sohail Fazal',1989,1989),(328,'Akram Raza',1989,1995),(329,'Asif Ali',1990,1990),(330,'Asif Mujtaba',1990,1990),(331,'Ata0ur0Rehman',1990,1990),(332,'Atiq0uz0Zaman',1990,1990),(333,'Azeem Hafeez',1990,1994),(334,'Azhar Ali',1990,2004),(335,'Aamer Sohail',1990,2000),(336,'Inzamam0ul0Haq1',1991,2007),(337,'Azhar Mahmood',1992,1992),(338,'Babar Azam',1992,1992),(339,'Tanvir Mehdi',1992,1992),(340,'Basit Ali',1992,2003),(341,'Bilal Asif',1992,1996),(342,'Bilawal Bhatti',1993,2006),(343,'Ghulam Ali',1993,1995),(344,'Danish Aziz',1993,1996),(345,'Danish Kaneria',1993,1995),(346,'Ehsan Adil',1993,1995),(347,'Faheem Ashraf',1993,1995),(348,'Faisal Akram',1993,1993),(349,'Ashfaq Ahmed',1994,1994),(350,'Faisal Iqbal',1994,2000),(351,'Fakhar Zaman',1995,1995),(352,'Fawad Alam',1995,1995),(353,'Haider Ali',1995,1995),(354,'Haris Rauf',1995,1995),(355,'Haris Sohail',1995,1995),(356,'Hasan Raza',1995,2000),(357,'Haseebullah Khan',1995,2004),(358,'Saqlain Mushtaq',1995,2003),(359,'Humayun Farhat',1995,1996),(360,'Hussain Talat',1996,1996),(361,'Iftikhar Ahmed',1996,1996),(362,'Ijaz Ahmed',1996,2000),(363,'Ijaz Ahmed jnr',1996,2007),(364,'Imad Wasim',1996,2015),(365,'Imam0ul0Haq',1996,1999),(366,'Imran Farhat',1996,2013),(367,'Azam Khan',1996,1998),(368,'Imran Nazir',1996,1997),(369,'Iqbal Sikander',1996,2000),(370,'Irfan Bhatti',1996,2002),(371,'Javed Qadeer',1997,1997),(372,'Junaid Zia',1997,1997),(373,'Kabir Khan',1997,1998),(374,'Kamran Akmal',1997,1998),(375,'Kamran Ghulam',1997,1998),(376,'Fazl0e0Akbar',1998,2001),(377,'Kashif Raza',1998,2010),(378,'Shoaib Akhtar1',1998,2007),(379,'Asif Mahmood',1998,1998),(380,'Khalid Latif',1999,2000),(381,'Khushdil Shah',1999,2007),(382,'Mahmood Hamid',1999,2005),(383,'Mansoor Amjad',1999,2019),(384,'Imran Abbas',2000,2000),(385,'Mansoor Rana',2000,2014),(386,'Younis Khan',2000,2015),(387,'Manzoor Akhtar',2000,2007),(388,'Irfan Fazil',2000,2000),(389,'Maqsood Rana',2000,2000),(390,'Misbah0ul0Haq',2001,2013),(391,'Mohammad Abbas',2001,2001),(392,'Mohammad Akram',2001,2015),(393,'Mohammad Amir',2001,2001),(394,'Mohammad Hafeez',2001,2005),(395,'Mohammad Hasnain',2001,2007),(396,'Mohammad Hussain',2001,2003),(397,'Mohammad Irfan',2002,2015),(398,'Mohammad Nawaz',2002,2017),(399,'Mohammad Rizwan',2003,2021),(400,'Umar Gul',2003,2016),(401,'Mohammad Sami',2003,2007),(402,'Yasir Hameed',2003,2007),(403,'Faisal Athar',2003,2003),(404,'Mohammad Talha',2003,2003),(405,'Salman Butt',2004,2010),(406,'Bazid Khan',2004,2004),(407,'Iftikhar Anjum',2004,2008),(408,'Mohammad Khalil',2005,2005),(409,'Mohammad Asif1',2005,2010),(410,'Abdur Rehman',2006,2014),(411,'Mohammad Wasim',2007,2015),(412,'Mohammad Wasim',2007,2007),(413,'Sohail Tanvir',2007,2014),(415,'Nasir Jamshed',2008,2015),(416,'Mohammad Zahid',2008,2008),(417,'Kamran Hussain',2008,2008),(418,'Mohsin Kamal',2008,2008),(419,'Moin Khan',2008,2016),(420,'Muhammad Musa',2008,2008),(421,'Khurram Manzoor',2008,2008),(422,'Mujahid Jamshed',2008,2008),(423,'Nadeem Ghauri',2008,2020),(424,'Nadeem Khan',2008,2008),(425,'Naeem Ashraf',2008,2008),(426,'Najaf Shah',2008,2015),(427,'Naseem Shah',2009,2017),(428,'Naumanullah',2009,2019),(429,'Naved Latif',2009,2019),(430,'Rahat Ali',2010,2010),(431,'Rana Naved0ul0Hasan',2010,2018),(432,'Asad Shafiq',2010,2017),(433,'Rashid Khan',2010,2016),(434,'Zulqarnain Haider',2010,2010),(435,'Hammad Azam',2011,2011),(436,'Junaid Khan',2011,2019),(437,'Mohammad Salman',2011,2011),(438,'Rashid Latif',2011,2011),(439,'Usman Salahuddin',2011,2011),(440,'Raza Hasan',2011,2018),(441,'Rizwan Ahmed',2011,2011),(442,'Rumman Raees',2011,2011),(443,'Saad Ali',2011,2019),(444,'Saad Nasim',2012,2016),(445,'Saeed Ajmal',2013,2013),(446,'Saeed Anwar',2013,2013),(448,'Sajjad Akbar',2013,2021),(449,'Saleem Elahi',2013,2016),(450,'Saleem Jaffar',2013,2015),(451,'Salman Ali Agha',2013,2017),(452,'Sami Aslam',2014,2014),(453,'Samiullah Khan',2014,2015),(454,'Sarfaraz Ahmed',2014,2014),(456,'Shabbir Ahmed',2015,2015),(457,'Shadab Kabir',2015,2017),(460,'Shahid Afridi1',2015,2015),(461,'Shahid Anwar',2015,2015),(463,'Shahid Nazir',2015,2015),(469,'Shakeel Khan',2017,2017),(471,'Sharjeel Khan',2017,2019),(472,'Shoaib Malik',2018,2022),(475,'Sufiyan Muqeem',2019,2019),(478,'Taufeeq Umar',2019,2019),(479,'Tayyab Tahir',2019,2019),(482,'Usama Mir',2020,2021),(483,'Usman Shinwari',2020,2022),(484,'Wahab Riaz',2021,2021),(485,'Usman Qadir',2021,2021),(488,'Wasim Akram',2022,2022),(506,'Abdul Razzaq',2006,2013),(507,'Inzamam-ul-Haq ',2006,2006),(508,'Kamran Akmal †',2006,2017),(509,'Mohammad Asif',2006,2010),(510,'Mohammad Hafeez ',2006,2021),(511,'Mohammad Yousuf',2006,2010),(512,'Naved-ul-Hasan',2006,2010),(513,'Shahid Afridi ',2006,2016),(514,'Shoaib Akhtar',2006,2010),(515,'Shoaib Malik ',2006,2021),(516,'Younis Khan ',2006,2010),(517,'Abdur Rehman',2006,2013),(518,'Imran Nazir',2007,2010),(519,'Shabbir Ahmed',2007,2007),(520,'Zulqarnain Haider ',2007,2010),(521,'Iftikhar Anjum',2007,2009),(522,'Misbah-ul-Haq ',2007,2012),(523,'Salman Butt',2007,2010),(524,'Yasir Arafat',2007,2009),(525,'Fawad Alam',2007,2010),(526,'Umar Gul',2007,2016),(527,'Sohail Tanvir',2007,2017),(528,'Mansoor Amjad',2008,2008),(529,'Wahab Riaz',2008,2020),(530,'Shoaib Khan',2008,2008),(531,'Sohail Khan',2009,2017),(532,'Abdur Rauf',2008,2008),(533,'Anwar Ali',2008,2016),(534,'Khalid Latif',2008,2016),(535,'Ahmed Shehzad',2009,2019),(536,'Saeed Ajmal',2008,2015),(537,'Mohammad Amir',2009,2024),(538,'Shahzaib Hasan',2009,2010),(539,'Umar Akmal ',2009,2019),(540,'Imran Farhat',2010,2011),(541,'Sarfaraz Ahmed ',2010,2021),(542,'Mohammad Sami',2010,2016),(543,'Asad Shafiq',2010,2012),(544,'Tanvir Ahmed',2010,2010),(545,'Junaid Khan',2011,2014),(546,'Mohammad Salman',2011,2011),(547,'Aizaz Cheema',2011,2012),(548,'Rameez Raja',2011,2011),(549,'Yasir Shah',2011,2011),(550,'Awais Zia',2012,2014),(551,'Hammad Azam',2012,2013),(552,'Shakeel Ansar ',2012,2012),(553,'Nasir Jamshed',2012,2013),(554,'Raza Hasan',2012,2014),(555,'Mohammad Irfan',2012,2016),(556,'Umar Amin',2013,2018),(557,'Zulfiqar Babar',2013,2013),(558,'Asad Ali',2013,2013),(559,'Haris Sohail',2013,2019),(560,'Sohaib Maqsood',2013,2021),(561,'Bilawal Bhatti',2013,2015),(562,'Sharjeel Khan',2013,2021),(563,'Usman Shinwari',2013,2019),(564,'Saad Nasim',2014,2014),(565,'Mohammad Rizwan',2015,2024),(566,'Mukhtar Ahmed',2015,2015),(567,'Imad Wasim',2015,2024),(568,'Nauman Anwar',2015,2015),(569,'Imran Khan',2015,2015),(570,'Rafatullah Mohmand',2015,2015),(571,'Aamer Yamin',2015,2018),(572,'Khurram Manzoor',2016,2016),(573,'Mohammad Nawaz',2016,2024),(574,'Iftikhar Ahmed',2016,2024),(575,'Babar Azam',2016,2024),(576,'Hasan Ali',2016,2024),(577,'Rumman Raees',2016,2018),(578,'Shadab Khan',2017,2024),(579,'Fakhar Zaman',2017,2024),(580,'Faheem Ashraf',2017,2023),(581,'Asif Ali',2018,2023),(582,'Hussain Talat',2018,2021),(583,'Shaheen Afridi',2018,2024),(584,'Sahibzada Farhan',2018,2024),(585,'Waqas Maqsood',2018,2018),(586,'Imam-ul-Haq',2019,2019),(587,'Mohammad Hasnain',2019,2022),(588,'Khushdil Shah',2019,2023),(589,'Muhammad Musa',2019,2020),(590,'Ahsan Ali',2020,2020),(591,'Haris Rauf',2020,2024),(592,'Haider Ali',2020,2023),(593,'Usman Qadir',2020,2023),(594,'Abdullah Shafique',2020,2023),(595,'Zahid Mahmood',2021,2021),(596,'Danish Aziz',2021,2021),(597,'Arshad Iqbal',2021,2023),(598,'Azam Khan',2021,2024),(599,'Mohammad Wasim',2021,2024),(600,'Shahnawaz Dahani',2021,2022),(601,'Naseem Shah',2022,2024),(602,'Shan Masood',2022,2022),(603,'Aamer Jamal',2022,2024),(604,'Mohammad Haris',2022,2023),(605,'Ihsanullah',2023,2023),(606,'Saim Ayub',2023,2024),(607,'Tayyab Tahir',2023,2023),(608,'Zaman Khan',2023,2024),(609,'Arafat Minhas',2023,2023),(610,'Mirza Tahir Baig',2023,2023),(611,'Omair Yousuf',2023,2023),(612,'Qasim Akram',2023,2023),(613,'Rohail Nazir',2023,2023),(614,'Sufiyan Muqeem',2023,2023),(615,'Mubasir Khan',2023,2023),(616,'Abbas Afridi',2024,2024),(617,'Usama Mir',2024,2024),(618,'Haseebullah Khan',2024,2024),(619,'Abrar Ahmed',2024,2024),(620,'Irfan Khan',2024,2024),(621,'Usman Khan',2024,2024);
/*!40000 ALTER TABLE `players` ENABLE KEYS */;
UNLOCK TABLES;

--
-- Table structure for table `t20_match_stats`
--

DROP TABLE IF EXISTS `t20_match_stats`;
/*!40101 SET @saved_cs_client     = @@character_set_client */;
/*!50503 SET character_set_client = utf8mb4 */;
CREATE TABLE `t20_match_stats` (
  `player_id` int NOT NULL,
  `matches` int DEFAULT NULL,
  `runs_scored` int DEFAULT NULL,
  `highest_score` varchar(10) DEFAULT NULL,
  `avg_score` decimal(6,2) DEFAULT NULL,
  `fifties` int DEFAULT NULL,
  `centuries` int DEFAULT NULL,
  `maidens_bowled` int DEFAULT NULL,
  `wickets_taken` int DEFAULT NULL,
  `best_bowling_figures` varchar(10) DEFAULT NULL,
  `bowling_average` decimal(6,2) DEFAULT NULL,
  `catches_taken` int DEFAULT NULL,
  `stumpings` int DEFAULT NULL,
  PRIMARY KEY (`player_id`),
  CONSTRAINT `fk_t20_player` FOREIGN KEY (`player_id`) REFERENCES `players` (`player_id`),
  CONSTRAINT `t20_match_stats_ibfk_1` FOREIGN KEY (`player_id`) REFERENCES `players` (`player_id`)
) ENGINE=InnoDB DEFAULT CHARSET=utf8mb4 COLLATE=utf8mb4_0900_ai_ci;
/*!40101 SET character_set_client = @saved_cs_client */;

--
-- Dumping data for table `t20_match_stats`
--

LOCK TABLES `t20_match_stats` WRITE;
/*!40000 ALTER TABLE `t20_match_stats` DISABLE KEYS */;
INSERT INTO `t20_match_stats` VALUES (506,32,393,'46',21.00,0,0,339,20,'13/3',20.00,2,0),(507,1,11,'11',0.00,0,0,0,0,'0',0.00,0,0),(508,58,987,'73',21.00,5,0,0,0,'0',0.00,28,32),(509,11,9,'5',0.00,0,0,257,13,'18/4',26.00,3,0),(510,119,2514,'99',26.00,14,0,1261,61,'4-Oct',23.00,30,0),(511,3,50,'26',17.00,0,0,0,0,'0',0.00,1,0),(512,4,18,'17',18.00,0,0,85,5,'19/3',20.00,2,0),(513,98,1405,'54',18.00,4,0,2144,97,'4-Nov',24.00,30,0),(514,15,21,'8',7.00,0,0,318,19,'3-Jan',23.00,2,0),(515,123,2423,'75',31.00,9,0,552,27,'2-Jul',24.00,50,0),(516,25,442,'51',22.00,2,0,22,3,'18/3',6.00,12,0),(517,8,22,'7',11.00,0,0,156,11,'2-Jul',17.00,6,0),(518,25,500,'72',22.00,3,0,0,0,'0',0.00,11,0),(519,1,0,'0',0.00,0,0,12,0,'0',0.00,0,0),(520,3,23,'17',8.00,0,0,0,0,'0',0.00,0,1),(521,2,0,'0',0.00,0,0,48,1,'1-Jan',67.00,0,0),(522,39,788,'87',38.00,3,0,0,0,'0',0.00,14,0),(523,24,595,'74',28.00,3,0,0,0,'0',0.00,3,0),(524,13,91,'17',13.00,0,0,236,16,'18/3',20.00,1,0),(525,24,194,'28',18.00,0,0,90,8,'3-Jul',12.00,7,0),(526,60,165,'32',9.00,0,0,1203,85,'5-Jun',17.00,18,0),(527,56,194,'41',11.00,0,0,1196,53,'3-Dec',27.00,7,0),(528,1,0,'0',0.00,0,0,6,3,'3-Mar',1.00,2,0),(529,36,154,'30',13.00,0,0,710,34,'18/3',29.00,6,0),(530,4,65,'50',16.00,1,0,0,0,'0',0.00,1,0),(531,5,1,'1',0.00,0,0,90,5,'13/2',25.00,0,0),(532,1,0,'0',0.00,0,0,18,0,'0',0.00,0,0),(533,16,109,'46',16.00,0,0,265,10,'27/2',37.00,5,0),(534,13,237,'59',22.00,1,0,0,0,'0',0.00,4,0),(535,59,1471,'111',26.00,7,1,6,0,'0',0.00,15,0),(536,64,91,'21',8.00,0,0,1430,85,'19/4',18.00,12,0),(537,62,65,'21',7.00,0,0,1321,71,'13/4',22.00,10,0),(538,10,116,'35',12.00,0,0,0,0,'0',0.00,3,0),(539,84,1690,'94',26.00,8,0,0,0,'0',0.00,50,2),(540,7,76,'19',11.00,0,0,0,0,'0',0.00,3,0),(541,61,818,'89',27.00,3,0,0,0,'0',0.00,36,10),(542,13,21,'8',21.00,0,0,276,21,'16/3',18.00,3,0),(543,10,192,'38',19.00,0,0,0,0,'0',0.00,3,0),(544,1,0,'0',0.00,0,0,18,1,'13/1',13.00,0,0),(545,9,3,'3',0.00,0,0,162,8,'24/3',30.00,0,0),(546,1,5,'5',5.00,0,0,0,0,'0',0.00,1,1),(547,5,0,'0',0.00,0,0,102,8,'30/4',15.00,0,0),(548,2,24,'23',12.00,0,0,0,0,'0',0.00,0,0),(549,2,11,'11',0.00,0,0,24,0,'0',0.00,4,0),(550,5,70,'23',14.00,0,0,0,0,'0',0.00,0,0),(551,5,34,'21',11.00,0,0,0,0,'0',0.00,2,0),(552,2,0,'0',0.00,0,0,0,0,'0',0.00,1,1),(553,18,363,'56',21.00,2,0,0,0,'0',0.00,6,0),(554,10,18,'13',0.00,0,0,228,10,'14/2',22.00,2,0),(555,22,4,'2',0.00,0,0,453,16,'18/2',35.00,1,0),(556,14,142,'47',16.00,0,0,0,0,'0',0.00,4,0),(557,7,27,'13',0.00,0,0,156,12,'23/3',15.00,1,0),(558,2,0,'0',0.00,0,0,24,0,'0',0.00,0,0),(559,14,210,'52',19.00,2,0,0,0,'0',0.00,3,0),(560,26,273,'37',14.00,0,0,6,0,'0',0.00,7,0),(561,9,23,'13',12.00,0,0,156,5,'2-Jan',51.00,1,0),(562,21,406,'59',23.00,2,0,0,0,'0',0.00,6,0),(563,16,2,'2',0.00,0,0,306,13,'31/3',33.00,1,0),(564,3,44,'25',22.00,0,0,6,0,'0',0.00,1,0),(565,102,3313,'104',49.00,29,1,0,0,'0',0.00,53,11),(566,6,192,'83',32.00,2,0,6,0,'0',0.00,2,0),(567,75,554,'64',16.00,1,0,1536,73,'14/5',22.00,22,0),(568,1,18,'18',18.00,0,0,6,0,'0',0.00,0,0),(569,3,0,'0',0.00,0,0,72,2,'2-Jan',53.00,3,0),(570,3,39,'23',13.00,0,0,0,0,'0',0.00,0,0),(571,2,15,'15',0.00,0,0,36,2,'1-Dec',19.00,0,0),(572,3,11,'10',4.00,0,0,0,0,'0',0.00,0,0),(573,60,477,'45',18.00,0,0,1102,50,'3-May',27.00,26,0),(574,66,998,'62',24.00,4,0,295,8,'24/3',44.00,26,0),(575,123,4145,'122',41.00,36,3,0,0,'0',0.00,50,0),(576,51,129,'23',14.00,0,0,1033,60,'18/4',24.00,12,0),(577,8,6,'6',0.00,0,0,173,8,'2-Jan',28.00,1,0),(578,104,679,'52',18.00,1,0,2089,107,'4-Aug',24.00,36,0),(579,92,1848,'91',23.00,11,0,6,0,'0',0.00,50,0),(580,48,311,'31',12.00,0,0,769,36,'3-May',27.00,12,0),(581,58,577,'41',15.00,0,0,0,0,'0',0.00,21,0),(582,18,394,'63',25.00,2,0,36,4,'2-Dec',14.00,5,0),(583,70,146,'23',13.00,0,0,1534,96,'22/4',20.00,17,0),(584,5,60,'39',12.00,0,0,0,0,'0',0.00,2,0),(585,1,0,'0',0.00,0,0,11,2,'21/2',11.00,0,0),(586,2,21,'14',11.00,0,0,0,0,'0',0.00,0,0),(587,27,24,'8',24.00,0,0,6060,25,'3-Jan',34.00,1,0),(588,27,344,'36',19.00,0,0,48,3,'13/3',13.00,5,0),(589,2,0,'0',0.00,0,0,47,0,'0',0.00,0,0),(590,2,36,'36',18.00,0,0,0,0,'0',0.00,0,0),(591,72,83,'13',7.00,0,0,1570,102,'18/4',21.00,19,0),(592,35,505,'68',17.00,3,0,0,0,'0',0.00,8,0),(593,26,36,'18',9.00,0,0,432,31,'13/4',18.00,5,0),(594,6,64,'41',13.00,0,0,0,0,'0',0.00,3,0),(595,1,0,'0',0.00,0,0,24,3,'3-Jan',13.00,0,0),(596,2,37,'22',19.00,0,0,18,2,'2-Jan',15.00,0,0),(597,3,0,'0',0.00,0,0,54,4,'14/3',13.00,0,0),(598,14,88,'30',9.00,0,0,0,0,'0',0.00,5,0),(599,29,46,'12',12.00,0,0,553,36,'24/4',21.00,17,0),(600,11,16,'16',16.00,0,0,212,8,'2-Jan',40.00,1,0),(601,28,51,'16',10.00,0,0,613,24,'21/3',33.00,3,0),(602,19,395,'65',30.00,3,0,0,0,'0',0.00,5,0),(603,6,88,'41',22.00,0,0,101,2,'13/1',94.00,1,0),(604,9,126,'31',14.00,0,0,0,0,'0',0.00,5,0),(605,4,6,'6',0.00,0,0,89,6,'29/3',18.00,0,0),(606,23,309,'49',15.00,0,0,30,0,'0',0.00,11,0),(607,3,39,'16',13.00,0,0,0,0,'0',0.00,1,0),(608,10,8,'8',0.00,0,0,189,7,'1-Apr',34.00,3,0),(609,3,38,'25',19.00,0,0,48,4,'2-Nov',11.00,0,0),(610,3,36,'32',18.00,0,0,0,0,'0',0.00,1,0),(611,3,46,'24',23.00,0,0,0,0,'0',0.00,1,0),(612,3,21,'12',11.00,0,0,23,3,'2-May',8.00,2,0),(613,3,23,'13',12.00,0,0,0,0,'0',0.00,3,0),(614,3,2,'1',2.00,0,0,60,4,'2-Nov',15.00,0,0),(615,1,0,'0',0.00,0,0,0,0,'0',0.00,0,0),(616,10,41,'17',10.00,0,0,191,16,'20/3',18.00,2,0),(617,5,7,'5',2.00,0,0,120,5,'21/2',35.00,2,0),(618,1,0,'0',0.00,0,0,0,0,'0',0.00,0,0),(619,3,0,'0',0.00,0,0,48,2,'15/2',23.00,0,0),(620,3,48,'30',0.00,0,0,0,0,'0',0.00,0,0),(621,10,117,'38',15.00,0,0,0,0,'0',0.00,1,0);
/*!40000 ALTER TABLE `t20_match_stats` ENABLE KEYS */;
UNLOCK TABLES;

--
-- Table structure for table `test_match_stats`
--

DROP TABLE IF EXISTS `test_match_stats`;
/*!40101 SET @saved_cs_client     = @@character_set_client */;
/*!50503 SET character_set_client = utf8mb4 */;
CREATE TABLE `test_match_stats` (
  `player_id` int DEFAULT NULL,
  `matches_played` int DEFAULT NULL,
  `innings_played` int DEFAULT NULL,
  `not_outs` int DEFAULT NULL,
  `runs_scored` int DEFAULT NULL,
  `highest_score` varchar(10) DEFAULT NULL,
  `avg_score` decimal(6,2) DEFAULT NULL,
  `balls` int DEFAULT NULL,
  `maidens_bowled` int DEFAULT NULL,
  `runs_conceded` int DEFAULT NULL,
  `wickets_taken` int DEFAULT NULL,
  `best_bowling_figures` varchar(10) DEFAULT NULL,
  `bowling_average` decimal(6,2) DEFAULT NULL,
  `catches_taken` int DEFAULT NULL,
  `stumpings` int DEFAULT NULL,
  KEY `fk_test_player` (`player_id`),
  CONSTRAINT `fk_test_player` FOREIGN KEY (`player_id`) REFERENCES `players` (`player_id`),
  CONSTRAINT `test_match_stats_ibfk_1` FOREIGN KEY (`player_id`) REFERENCES `players` (`player_id`)
) ENGINE=InnoDB DEFAULT CHARSET=utf8mb4 COLLATE=utf8mb4_0900_ai_ci;
/*!40101 SET character_set_client = @saved_cs_client */;

--
-- Dumping data for table `test_match_stats`
--

LOCK TABLES `test_match_stats` WRITE;
/*!40000 ALTER TABLE `test_match_stats` DISABLE KEYS */;
INSERT INTO `test_match_stats` VALUES (1,5,7,1,65,'47',11.00,400,5,248,7,'4–56',35.00,0,0),(2,4,6,0,42,'17',7.00,36,1,29,1,'2–9',29.00,0,0),(3,34,50,6,620,'60',14.00,9834,560,3434,139,'2–36',25.00,11,0),(4,55,97,8,3915,'337',44.00,206,9,95,1,'3–27',95.00,40,0),(5,41,72,1,2079,'209',29.00,6,1,0,0,'0',0.00,77,16),(6,4,8,1,33,'10',5.00,318,12,165,6,'0',28.00,1,0),(7,23,37,3,847,'93',25.00,2712,139,954,21,'2–20',45.00,15,0),(8,13,17,7,100,'26',10.00,3157,153,1292,54,'2–7',24.00,4,0),(9,16,27,1,507,'99',20.00,462,21,191,3,'4–27',64.00,13,0),(10,5,8,1,277,'124',40.00,12,1,4,0,'0',0.00,7,0),(11,21,35,1,1071,'189',32.00,6,0,10,0,'4–25',0.00,10,0),(12,27,39,6,336,'35',10.00,5910,225,2628,68,'6–14',39.00,5,0),(13,9,10,4,200,'63',33.00,1285,78,366,20,'2–26',18.00,5,0),(14,20,33,4,801,'189',28.00,24,0,15,0,'2–37',0.00,5,0),(15,25,45,2,1091,'109',25.00,84,0,75,1,'2–22',75.00,8,0),(16,2,3,1,14,'9',7.00,0,0,0,0,'1–17',0.00,0,0),(17,19,32,6,395,'47',15.00,2313,121,801,20,'1–2',40.00,8,0),(18,2,4,0,32,'18',8.00,48,1,18,0,'1–32',0.00,0,0),(19,1,2,1,17,'10',17.00,126,1,116,2,'3–18',58.00,0,0),(20,1,2,0,34,'18',17.00,0,0,0,0,'1–41',0.00,0,0),(21,2,3,2,1,'1',1.00,348,22,115,2,'5–28',58.00,0,0),(23,21,36,3,783,'77',24.00,24,0,20,0,'0',0.00,22,0),(24,1,2,1,39,'27',39.00,0,0,0,0,'3–13',0.00,2,0),(25,12,16,7,61,'14',7.00,2835,100,1330,27,'4–34',49.00,1,0),(26,29,50,5,747,'101',17.00,4406,204,1959,52,'0',38.00,11,0),(27,41,78,4,2991,'172',40.00,1980,89,802,22,'0',36.00,13,0),(28,1,2,0,10,'8',5.00,204,3,99,1,'0',99.00,1,0),(29,6,10,8,76,'23',38.00,1587,56,745,17,'1–7',44.00,3,0),(30,8,16,2,279,'58',20.00,0,0,0,0,'2–37',0.00,5,0),(31,57,100,7,3643,'201',39.00,5260,177,2309,79,'0',29.00,42,0),(32,3,6,0,134,'56',22.00,0,0,0,0,'0',0.00,2,0),(33,4,7,2,63,'19',13.00,769,31,341,11,'4–43',31.00,0,0),(34,47,77,10,1493,'138',22.00,10474,383,4494,125,'3–47',36.00,20,0),(35,3,4,1,7,'4',2.00,684,21,358,9,'0',40.00,1,0),(36,25,48,4,1341,'140',30.00,42,2,23,0,'3–23',0.00,7,0),(37,7,9,4,85,'47',17.00,1422,50,682,21,'0',32.00,1,0),(39,1,2,1,4,'2',4.00,96,5,52,0,'4–32',0.00,0,0),(40,1,2,0,25,'16',13.00,36,1,23,0,'0',0.00,0,0),(41,4,8,0,272,'95',34.00,0,0,0,0,'4–38',0.00,0,1),(42,58,99,7,3575,'175',39.00,3864,181,1502,53,'1–23',28.00,36,0),(43,4,8,0,253,'166',32.00,336,21,99,1,'5–44',99.00,3,0),(44,63,106,5,3931,'167',39.00,3584,124,1456,27,'4–22',54.00,70,0),(45,19,20,11,123,'24',14.00,4145,217,1410,59,'0',24.00,9,0),(46,5,7,0,221,'95',32.00,36,1,9,1,'2–24',9.00,5,0),(47,3,5,0,59,'20',12.00,666,26,288,14,'0',21.00,0,0),(48,1,2,0,3,'3',2.00,184,1,107,1,'2–27',107.00,0,0),(49,10,19,0,441,'126',23.00,84,1,63,0,'3–22',0.00,6,0),(50,6,11,0,156,'39',14.00,0,0,0,0,'0',0.00,9,0),(52,5,8,2,117,'34',20.00,546,27,187,7,'3–20',27.00,3,0),(53,21,31,12,276,'53',15.00,4001,122,1710,46,'5–15',37.00,3,0),(54,81,112,26,1366,'85',16.00,8,0,2,0,'4–47',0.00,201,27),(56,1,2,0,12,'12',6.00,0,0,0,0,'0',0.00,0,0),(57,6,8,0,182,'33',23.00,6,0,4,0,'0',0.00,3,0),(58,16,19,10,93,'30',10.00,3038,78,1568,38,'3–25',41.00,5,0),(59,55,72,13,1045,'90',18.00,13951,486,5798,177,'2–38',33.00,26,0),(60,14,18,10,144,'29',18.00,3262,162,1124,34,'2–31',33.00,4,0),(61,41,74,2,2579,'166',36.00,200,5,98,0,'0',0.00,28,0),(62,4,7,1,177,'62',30.00,6,0,6,0,'2–24',0.00,0,0),(63,78,124,11,5062,'274',45.00,370,9,132,3,'1–50',44.00,34,0),(64,2,3,1,97,'60',49.00,44,0,17,0,'2–56',0.00,0,0),(65,88,126,25,3807,'136',38.00,19458,727,8258,362,'2–35',23.00,28,0),(66,10,18,2,370,'61',23.00,20,1,7,0,'0',0.00,4,0),(67,57,92,14,2821,'125',36.00,4082,134,1826,51,'7–37',36.00,20,0),(68,6,10,1,99,'27',11.00,8,0,1,0,'2–9',0.00,0,0),(69,1,2,0,15,'14',8.00,0,0,0,0,'5–36',0.00,0,0),(70,5,7,3,28,'12',7.00,808,23,359,6,'2–20',60.00,1,0),(71,124,189,21,8832,'280',53.00,1470,32,682,17,'7–36',40.00,93,1),(74,26,35,12,146,'22',6.00,4870,147,2412,67,'0',36.00,7,0),(75,50,57,15,549,'56',13.00,13019,649,4807,171,'2–51',28.00,42,0),(76,76,116,8,4114,'231',38.00,5967,217,2532,66,'2–45',38.00,48,0),(77,23,36,1,1217,'153',35.00,8,0,3,0,'0',0.00,16,0),(78,67,77,11,1029,'61',16.00,17126,608,7742,236,'0',33.00,15,0),(79,48,79,6,2709,'200',37.00,86,4,30,0,'0',0.00,34,0),(80,1,2,1,15,'12',15.00,32,0,12,0,'4–22',0.00,0,0),(81,5,3,1,2,'2',1.00,940,40,375,16,'1–0',23.00,2,0),(82,6,10,2,501,'210',63.00,30,0,28,1,'1–30',28.00,6,3),(83,34,38,20,318,'35',18.00,7778,359,2950,93,'1–36',32.00,9,0),(84,1,1,0,14,'14',14.00,18,1,2,1,'1–72',2.00,0,0),(85,1,1,0,49,'49',49.00,0,0,0,0,'0',0.00,0,0),(86,19,29,3,655,'111',25.00,0,0,0,0,'3–27',0.00,9,0),(87,5,8,1,183,'105',26.00,534,9,299,4,'4–33',75.00,0,0),(88,11,19,1,345,'60',19.00,132,7,46,4,'0',12.00,4,0),(89,4,6,3,155,'59',52.00,738,32,360,8,'1–17',45.00,2,0),(90,103,154,22,5768,'237',44.00,734,20,414,5,'3–43',83.00,65,0),(91,32,44,5,1055,'91',27.00,0,0,0,0,'0',0.00,91,13),(92,15,19,5,300,'57',21.00,2800,108,1398,34,'3–36',41.00,3,0),(93,8,8,3,229,'65',46.00,0,0,0,0,'2–22',0.00,17,5),(94,6,3,2,3,'2',3.00,1197,51,537,11,'0',49.00,0,0),(95,18,21,5,134,'24',8.00,4351,172,2204,63,'2–23',35.00,1,0),(96,26,43,2,1502,'210',37.00,6,1,0,0,'0',0.00,15,0),(97,45,68,7,2705,'203',44.00,396,16,170,5,'0',34.00,22,0),(98,9,12,1,167,'52',15.00,0,0,0,0,'2–37',0.00,22,3),(99,57,94,5,2833,'122',32.00,0,0,0,0,'0',0.00,34,0),(100,9,11,7,37,'13',9.00,1348,28,822,24,'0',34.00,4,0),(101,6,10,2,123,'52',15.00,444,23,194,7,'2–28',28.00,7,0),(102,104,147,19,2898,'257',23.00,22627,871,9779,414,'0',24.00,44,0),(103,3,4,0,24,'13',6.00,0,0,0,0,'5–20',0.00,8,2),(105,25,41,3,928,'65',24.00,666,26,303,4,'0',76.00,19,0),(106,14,14,6,42,'10',5.00,2531,93,1139,36,'0',32.00,2,0),(107,60,92,4,3315,'211',38.00,180,1,77,2,'3–14',39.00,45,0),(108,14,19,3,565,'117',35.00,156,5,89,1,'6–18',89.00,15,1),(109,22,27,7,101,'28',5.00,3918,136,1874,54,'7–12',35.00,2,0),(110,1,1,0,12,'12',12.00,90,0,43,0,'0',0.00,0,0),(111,87,120,21,1010,'45',10.00,16224,516,8788,373,'6–35',24.00,18,0),(112,3,2,0,46,'36',23.00,0,0,0,0,'0',0.00,6,0),(113,2,3,0,44,'22',15.00,342,14,162,4,'0',41.00,0,0),(114,9,12,2,153,'32',15.00,1526,61,732,13,'0',56.00,8,0),(116,52,72,16,656,'59',12.00,12532,405,6100,185,'1–6',33.00,23,0),(117,1,1,0,0,'',0.00,48,1,20,0,'1–9',0.00,0,0),(118,9,16,0,288,'78',18.00,0,0,0,0,'4–33',0.00,5,0),(119,69,104,8,2741,'137',29.00,0,0,0,0,'0',0.00,128,20),(120,55,91,2,4052,'188',46.00,48,3,23,0,'4–50',0.00,18,0),(121,1,2,0,39,'37',20.00,161,4,102,3,'0',34.00,0,0),(122,47,83,3,2823,'205',35.00,2383,80,1049,25,'1–0',42.00,36,0),(123,13,15,6,76,'19',8.00,1973,62,1071,31,'6–16',35.00,2,0),(124,119,198,22,8829,'329',50.00,9,0,8,0,'0',0.00,81,0),(125,37,57,9,1381,'150',29.00,12,0,10,0,'3–36',0.00,119,11),(126,19,33,1,858,'103',27.00,6,0,6,0,'1–3',0.00,6,0),(127,6,11,6,31,'11',6.00,1057,24,597,20,'3–32',30.00,2,0),(128,2,3,1,34,'25',17.00,432,10,230,2,'4–19',115.00,0,0),(129,3,5,0,74,'33',15.00,0,0,0,0,'0',0.00,4,0),(130,1,2,1,1,'1',1.00,138,9,53,2,'1–28',27.00,0,0),(131,1,2,0,25,'16',13.00,0,0,0,0,'1–3',0.00,0,0),(132,4,5,2,24,'10',8.00,655,15,370,9,'0',41.00,1,0),(133,2,3,0,29,'16',10.00,24,0,6,0,'0',0.00,3,0),(134,49,78,14,927,'101',14.00,14070,541,6206,208,'0',30.00,15,0),(135,9,15,6,24,'10',3.00,1477,37,859,17,'3–10',51.00,4,0),(136,13,24,1,436,'72',19.00,0,0,0,0,'0',0.00,10,1),(137,5,7,0,148,'55',21.00,6,0,9,0,'5–10',0.00,11,0),(138,1,1,0,14,'14',14.00,0,0,0,0,'1–36',0.00,0,0),(139,15,19,3,194,'40',12.00,2234,71,1272,36,'1–49',35.00,5,0),(140,7,10,1,235,'68',26.00,6,0,1,0,'3–31',0.00,5,0),(141,2,3,0,18,'17',6.00,180,7,87,3,'0',29.00,1,0),(142,18,28,2,783,'192',30.00,0,0,0,0,'0',0.00,22,2),(143,2,3,0,30,'22',10.00,0,0,0,0,'0',0.00,1,0),(144,5,6,1,7,'6',1.00,792,17,502,15,'4–41',33.00,0,0),(145,5,9,1,242,'115',30.00,12,0,11,0,'6–42',0.00,1,0),(146,21,34,4,900,'136',30.00,3015,111,1402,39,'6–27',36.00,14,0),(147,1,2,0,36,'29',18.00,0,0,0,0,'0',0.00,1,0),(149,9,8,2,31,'9',5.00,2538,119,960,32,'3–21',30.00,0,0),(150,46,67,13,544,'47',10.00,8143,237,4574,178,'0',26.00,12,0),(151,5,8,4,52,'25',13.00,882,24,511,11,'0',46.00,2,0),(152,89,134,12,6770,'223',55.00,6,0,3,0,'5–30',0.00,59,0),(153,26,46,1,1683,'156',37.00,3092,69,1640,47,'2–55',35.00,10,0),(154,1,1,0,1,'1',1.00,325,12,139,4,'3–28',35.00,1,0),(155,2,3,0,64,'32',21.00,0,0,0,0,'4–48',0.00,0,0),(156,6,10,1,329,'133',37.00,18,2,8,0,'1–8',0.00,7,0),(157,8,13,0,427,'131',33.00,0,0,0,0,'0',0.00,4,0),(158,46,77,9,1946,'134',29.00,7008,219,3694,100,'5–48',37.00,15,0),(159,118,213,19,10099,'313',52.00,804,18,517,9,'0',55.00,139,0),(160,1,2,0,26,'25',13.00,0,0,0,0,'0',0.00,5,0),(161,1,2,1,4,'3',4.00,48,0,65,2,'0',33.00,2,0),(162,1,1,0,2,'2',2.00,96,3,35,0,'2–32',0.00,0,0),(163,61,84,33,360,'29',7.00,17697,464,9082,261,'0',35.00,18,0),(164,26,44,2,1124,'139',27.00,6,0,7,0,'5–55',0.00,22,0),(165,40,77,2,2400,'128',32.00,427,4,284,3,'3–24',95.00,40,0),(166,75,132,20,5222,'161',47.00,0,0,0,0,'0',0.00,50,0),(167,36,56,14,487,'49',12.00,7499,193,4483,85,'0',53.00,7,0),(168,1,2,0,54,'28',27.00,0,0,0,0,'5–46',0.00,0,0),(169,35,60,6,1898,'245',35.00,2712,61,1519,32,'0',47.00,18,0),(170,44,83,5,2963,'236',38.00,78,2,44,0,'1–44',0.00,48,0),(171,1,2,0,20,'20',10.00,0,0,0,0,'5–24',0.00,0,0),(172,53,92,6,2648,'158',31.00,0,0,0,0,'1–22',0.00,184,22),(173,55,105,8,3652,'224',38.00,4067,118,1808,53,'5–30',34.00,45,0),(174,10,15,5,88,'24',9.00,2576,97,1175,51,'0',23.00,3,0),(175,47,67,9,577,'65',10.00,9599,256,5553,163,'0',34.00,11,0),(176,25,49,3,1491,'170',32.00,78,1,72,0,'0',0.00,20,0),(177,1,2,0,33,'25',17.00,0,0,0,0,'0',0.00,0,0),(178,33,62,0,1889,'122',30.00,137,1,106,1,'4–30',106.00,12,0),(180,12,20,1,717,'99',38.00,0,0,0,0,'1–21',0.00,10,0),(181,9,15,3,239,'42',20.00,1565,36,1044,18,'4–12',58.00,3,0),(182,1,1,0,9,'9',9.00,186,10,87,2,'0',44.00,0,0),(183,2,4,1,9,'5',3.00,290,3,200,0,'1–38',0.00,0,0),(184,23,38,13,141,'29',6.00,5171,91,2583,106,'0',24.00,3,0),(185,1,2,0,32,'23',16.00,0,0,0,0,'2–26',0.00,2,0),(187,22,31,3,395,'60',14.00,6892,256,2910,99,'4–43',29.00,8,0),(188,2,3,0,17,'13',6.00,504,15,316,5,'6–26',63.00,2,0),(190,16,30,1,817,'146',28.00,0,0,0,0,'1–31',0.00,8,0),(191,9,12,2,252,'65',25.00,1828,55,1125,27,'1–22',42.00,2,0),(192,4,5,1,34,'19',9.00,740,11,504,9,'3–45',56.00,1,0),(193,3,6,0,52,'31',9.00,450,11,278,6,'1–16',46.00,0,0),(194,36,67,11,751,'48',13.00,7619,292,3627,119,'3–66',30.00,5,0),(195,35,53,12,451,'50',11.00,11592,386,5003,178,'3–37',28.00,11,0),(196,19,30,4,1011,'168',39.00,96,1,54,2,'0',27.00,13,0),(197,16,32,2,1003,'129',36.00,0,0,0,0,'2–22',0.00,12,0),(199,97,180,11,7142,'302',42.00,867,8,621,8,'1–68',78.00,66,0),(200,4,8,0,99,'33',12.00,132,4,63,3,'0',21.00,1,0),(201,1,2,0,88,'88',44.00,0,0,0,0,'0',0.00,2,0),(202,27,41,5,306,'39',9.00,5018,118,2864,83,'0',35.00,5,0),(203,21,29,5,591,'64',25.00,0,0,0,0,'0',0.00,66,11),(204,77,128,6,4660,'137',38.00,340,1,196,3,'5–14',65.00,77,0),(205,5,7,2,170,'57',34.00,707,20,453,17,'1–38',27.00,1,0),(206,2,4,0,25,'13',6.00,0,0,0,0,'5–25',0.00,2,1),(208,22,28,11,122,'17',7.00,4605,157,2253,71,'2–54',32.00,4,0),(209,1,2,0,47,'25',24.00,0,0,0,0,'5–34',0.00,1,0),(210,2,4,0,51,'46',13.00,0,0,0,0,'4–19',0.00,1,0),(211,21,31,13,136,'35',8.00,4227,127,2264,58,'4–27',39.00,9,0),(212,4,7,2,28,'14',6.00,712,15,389,10,'45676',39.00,0,0),(213,3,4,0,21,'12',5.00,481,19,263,5,'5–22',53.00,0,0),(215,15,18,9,144,'56',16.00,4478,143,2129,54,'0',39.00,4,0),(216,13,25,1,982,'176',41.00,48,0,28,0,'5–34',0.00,3,0),(217,2,3,1,70,'32',35.00,438,12,291,6,'0',49.00,0,0),(218,48,72,7,918,'113',14.00,14255,359,7657,244,'0',31.00,24,0),(219,13,25,1,758,'91',32.00,0,0,0,0,'1–44',0.00,7,0),(220,4,6,1,61,'27',12.00,206,1,161,1,'0',161.00,2,0),(224,1,2,0,44,'40',22.00,0,0,0,0,'5–18',0.00,0,0),(225,25,36,16,110,'29',6.00,5134,261,2072,90,'0',23.00,7,0),(228,16,27,1,847,'147',33.00,630,12,294,13,'0',23.00,14,0),(232,5,8,0,73,'15',9.00,1174,40,424,16,'2–59',27.00,2,0),(233,3,6,0,192,'94',32.00,0,0,0,0,'0',0.00,3,0),(238,16,26,2,1180,'215',49.00,0,0,0,0,'4–43',0.00,6,0),(240,1,2,0,71,'37',36.00,192,0,159,0,'0',0.00,0,0),(241,6,10,0,178,'91',18.00,0,0,0,0,'0',0.00,16,0);
/*!40000 ALTER TABLE `test_match_stats` ENABLE KEYS */;
UNLOCK TABLES;
/*!40103 SET TIME_ZONE=@OLD_TIME_ZONE */;

/*!40101 SET SQL_MODE=@OLD_SQL_MODE */;
/*!40014 SET FOREIGN_KEY_CHECKS=@OLD_FOREIGN_KEY_CHECKS */;
/*!40014 SET UNIQUE_CHECKS=@OLD_UNIQUE_CHECKS */;
/*!40101 SET CHARACTER_SET_CLIENT=@OLD_CHARACTER_SET_CLIENT */;
/*!40101 SET CHARACTER_SET_RESULTS=@OLD_CHARACTER_SET_RESULTS */;
/*!40101 SET COLLATION_CONNECTION=@OLD_COLLATION_CONNECTION */;
/*!40111 SET SQL_NOTES=@OLD_SQL_NOTES */;

-- Dump completed on 2025-07-24 22:33:35
